<keymap version="1" name="XWin copy" parent="Default for XWin">
  <action id="$Copy">
    <keyboard-shortcut first-keystroke="ctrl c" />
  </action>
  <action id="$Cut">
    <keyboard-shortcut first-keystroke="ctrl x" />
  </action>
  <action id="$Delete" />
  <action id="$Paste">
    <keyboard-shortcut first-keystroke="ctrl v" />
  </action>
  <action id="$Redo" />
  <action id="$Undo" />
  <action id="ActivateBookmarksToolWindow" />
  <action id="ActivateCommitToolWindow" />
  <action id="ActivateDebugToolWindow" />
  <action id="ActivateFindToolWindow" />
  <action id="ActivateProblemsViewToolWindow" />
  <action id="ActivateProjectToolWindow">
    <keyboard-shortcut first-keystroke="ctrl e" />
  </action>
  <action id="ActivateRunToolWindow" />
  <action id="ActivateServicesToolWindow" />
  <action id="ActivateStructureToolWindow" />
  <action id="ActivateTerminalToolWindow" />
  <action id="ActivateVersionControlToolWindow" />
  <action id="Adtui.ZoomInAction" />
  <action id="Adtui.ZoomOutAction" />
  <action id="Adtui.ZoomToActualAction" />
  <action id="Adtui.ZoomToFitAction" />
  <action id="Android.Designer.AddAction" />
  <action id="Android.Designer.AddDeepLink" />
  <action id="Android.Designer.AssignStartDestination" />
  <action id="Android.Designer.AutoArrange" />
  <action id="Android.Designer.ForceRefreshPreview" />
  <action id="Android.Designer.IssueNotificationAction" />
  <action id="Android.Designer.IssuePanel.CopyIssueDescription" />
  <action id="Android.Designer.NextDevice" />
  <action id="Android.Designer.PreviousDevice" />
  <action id="Android.Designer.SwitchDesignMode" />
  <action id="Android.Designer.ToggleDeviceNightMode" />
  <action id="Android.Designer.ToggleDeviceOrientation" />
  <action id="Arrangement.Rule.Edit" />
  <action id="Arrangement.Rule.Match.Condition.Move.Down" />
  <action id="Arrangement.Rule.Match.Condition.Move.Up" />
  <action id="AutoIndentLines" />
  <action id="BookmarksView.Rename" />
  <action id="BraceOrQuoteOut" />
  <action id="CallHierarchy" />
  <action id="ChangeSignature" />
  <action id="ChangeTypeSignature" />
  <action id="ChangesView.AddUnversioned" />
  <action id="ChangesView.GroupBy.Directory" />
  <action id="ChangesView.GroupBy.Module" />
  <action id="ChangesView.Move" />
  <action id="ChangesView.Rename" />
  <action id="ChangesView.Revert" />
  <action id="ChangesView.SetDefault" />
  <action id="ChangesView.ShelveSilently" />
  <action id="ChangesView.UnshelveSilently" />
  <action id="CheckinProject" />
  <action id="ChooseDebugConfiguration" />
  <action id="ChooseRunConfiguration" />
  <action id="ClassNameCompletion" />
  <action id="CloseActiveTab" />
  <action id="CloseContent" />
  <action id="CloseGotItTooltip" />
  <action id="CodeInspection.OnEditor" />
  <action id="CollapseAll" />
  <action id="CollapseAllRegions" />
  <action id="CollapseBlock" />
  <action id="CollapseExpandableComponent" />
  <action id="CollapseRegion" />
  <action id="CollapseRegionRecursively" />
  <action id="CollapseSelection" />
  <action id="CollapseTreeNode" />
  <action id="CollapsiblePanel-toggle" />
  <action id="CommentByBlockComment" />
  <action id="CommentByLineComment" />
  <action id="CompareTwoFiles" />
  <action id="Compile" />
  <action id="CompileDirty" />
  <action id="Console.Execute" />
  <action id="Console.Execute.Multiline" />
  <action id="Console.History.Browse" />
  <action id="Console.Open" />
  <action id="ContextHelp" />
  <action id="ConvertJavaToKotlin" />
  <action id="CopyElement" />
  <action id="CopyPaths" />
  <action id="CopyReference" />
  <action id="Debug" />
  <action id="DeviceAndSnapshotComboBox" />
  <action id="Diff.ApplyLeftSide" />
  <action id="Diff.ApplyRightSide" />
  <action id="Diff.FocusOppositePane" />
  <action id="Diff.NextChange" />
  <action id="Diff.PrevChange" />
  <action id="Diff.ShowDiff" />
  <action id="Diff.ShowSettingsPopup" />
  <action id="DirDiffMenu.SynchronizeDiff" />
  <action id="DirDiffMenu.SynchronizeDiff.All" />
  <action id="DomCollectionControl.Add" />
  <action id="DumpLookupElementWeights" />
  <action id="DumpMLCompletionFeatures" />
  <action id="EditBreakpoint" />
  <action id="EditPropertyValue" />
  <action id="EditSource" />
  <action id="EditSourceInNewWindow" />
  <action id="EditorAddCaretPerSelectedLine" />
  <action id="EditorAddOrRemoveCaret" />
  <action id="EditorAddRectangularSelectionOnMouseDrag" />
  <action id="EditorBackSpace">
    <keyboard-shortcut first-keystroke="back_space" />
  </action>
  <action id="EditorChooseLookupItemCompleteStatement" />
  <action id="EditorChooseLookupItemDot" />
  <action id="EditorCodeBlockEnd" />
  <action id="EditorCodeBlockEndWithSelection" />
  <action id="EditorCodeBlockStart" />
  <action id="EditorCodeBlockStartWithSelection" />
  <action id="EditorCompleteStatement" />
  <action id="EditorContextInfo" />
  <action id="EditorCreateRectangularSelection" />
  <action id="EditorCreateRectangularSelectionOnMouseDrag" />
  <action id="EditorDecreaseFontSizeGlobal" />
  <action id="EditorDeleteLine" />
  <action id="EditorDeleteToWordEnd" />
  <action id="EditorDeleteToWordStart" />
  <action id="EditorDown">
    <keyboard-shortcut first-keystroke="down" />
    <keyboard-shortcut first-keystroke="ctrl n" />
  </action>
  <action id="EditorDownWithSelection" />
  <action id="EditorDuplicate" />
  <action id="EditorEscape">
    <keyboard-shortcut first-keystroke="escape" />
    <keyboard-shortcut first-keystroke="ctrl open_bracket" />
  </action>
  <action id="EditorFocusGutter" />
  <action id="EditorIncreaseFontSizeGlobal" />
  <action id="EditorJoinLines" />
  <action id="EditorLeftWithSelection" />
  <action id="EditorLineEndWithSelection" />
  <action id="EditorLineStartWithSelection" />
  <action id="EditorLookupDown" />
  <action id="EditorLookupUp" />
  <action id="EditorMatchBrace" />
  <action id="EditorMoveToPageBottom" />
  <action id="EditorMoveToPageBottomWithSelection" />
  <action id="EditorMoveToPageTop" />
  <action id="EditorMoveToPageTopWithSelection" />
  <action id="EditorNextWord" />
  <action id="EditorNextWordWithSelection" />
  <action id="EditorPageDownWithSelection" />
  <action id="EditorPageUpWithSelection" />
  <action id="EditorPasteSimple" />
  <action id="EditorPreviousWord" />
  <action id="EditorPreviousWordWithSelection" />
  <action id="EditorRightWithSelection" />
  <action id="EditorScrollDown" />
  <action id="EditorScrollToCenter" />
  <action id="EditorScrollUp" />
  <action id="EditorSelectWord" />
  <action id="EditorShowGutterIconTooltip" />
  <action id="EditorSplitLine" />
  <action id="EditorStartNewLine" />
  <action id="EditorStartNewLineBefore" />
  <action id="EditorTextEnd" />
  <action id="EditorTextEndWithSelection" />
  <action id="EditorTextStart" />
  <action id="EditorTextStartWithSelection" />
  <action id="EditorToggleCase" />
  <action id="EditorToggleColumnMode" />
  <action id="EditorUnSelectWord" />
  <action id="EditorUnindentSelection" />
  <action id="EditorUp">
    <keyboard-shortcut first-keystroke="up" />
    <keyboard-shortcut first-keystroke="ctrl p" />
  </action>
  <action id="EditorUpWithSelection" />
  <action id="EmmetNextEditPoint" />
  <action id="EmmetPreviousEditPoint" />
  <action id="EmojiPicker.Open" />
  <action id="EvaluateExpression" />
  <action id="ExpandAll" />
  <action id="ExpandAllRegions" />
  <action id="ExpandAllToLevel1" />
  <action id="ExpandAllToLevel2" />
  <action id="ExpandAllToLevel3" />
  <action id="ExpandAllToLevel4" />
  <action id="ExpandAllToLevel5" />
  <action id="ExpandExpandableComponent" />
  <action id="ExpandRegion" />
  <action id="ExpandRegionRecursively" />
  <action id="ExpandToLevel1" />
  <action id="ExpandToLevel2" />
  <action id="ExpandToLevel3" />
  <action id="ExpandToLevel4" />
  <action id="ExpandToLevel5" />
  <action id="ExpandTreeNode" />
  <action id="ExportToTextFile" />
  <action id="ExpressionTypeInfo" />
  <action id="ExternalJavaDoc" />
  <action id="ExternalSystem.CollapseAll" />
  <action id="ExternalSystem.DetachProject" />
  <action id="ExternalSystem.ExpandAll" />
  <action id="ExternalSystem.ProjectRefreshAction" />
  <action id="ExtractFunctionToScope" />
  <action id="ExtractMethod" />
  <action id="FileChooser.GotoDesktop" />
  <action id="FileChooser.GotoHome" />
  <action id="FileChooser.GotoModule" />
  <action id="FileChooser.GotoProject" />
  <action id="FileChooser.NewFolder" />
  <action id="FileChooser.TogglePathBar" />
  <action id="FileChooserList.LevelUp" />
  <action id="FileChooserList.Root" />
  <action id="FileStructurePopup" />
  <action id="Find" />
  <action id="FindInPath" />
  <action id="FindNext" />
  <action id="FindPrevWordAtCaret" />
  <action id="FindPrevious" />
  <action id="FindUsages" />
  <action id="FindUsagesInFile" />
  <action id="FindWordAtCaret" />
  <action id="FocusEditor">
    <keyboard-shortcut first-keystroke="escape" />
    <keyboard-shortcut first-keystroke="ctrl open_bracket" />
  </action>
  <action id="ForceRefresh" />
  <action id="ForceRunToCursor" />
  <action id="ForceStepInto" />
  <action id="ForceStepOver" />
  <action id="FullyExpandTreeNode" />
  <action id="Generate" />
  <action id="Git.Add" />
  <action id="Git.Branches" />
  <action id="Git.Commit.And.Push.Executor" />
  <action id="Git.Log.Branches.Change.Branch.Filter" />
  <action id="Git.New.Branch.In.Log" />
  <action id="Git.Rename.Local.Branch" />
  <action id="Git.Reword.Commit" />
  <action id="GitNewBranchAction" />
  <action id="Github.PullRequest.Comments.Reload" />
  <action id="Github.PullRequest.Details.Reload" />
  <action id="Github.PullRequest.Diff.Comment.Create" />
  <action id="Github.PullRequest.List.Reload" />
  <action id="Github.PullRequest.Timeline.Update" />
  <action id="GotoAction" />
  <action id="GotoBookmark0" />
  <action id="GotoBookmark1" />
  <action id="GotoBookmark2" />
  <action id="GotoBookmark3" />
  <action id="GotoBookmark4" />
  <action id="GotoBookmark5" />
  <action id="GotoBookmark6" />
  <action id="GotoBookmark7" />
  <action id="GotoBookmark8" />
  <action id="GotoBookmark9" />
  <action id="GotoClass" />
  <action id="GotoCustomRegion" />
  <action id="GotoDeclaration" />
  <action id="GotoFile" />
  <action id="GotoImplementation" />
  <action id="GotoLine" />
  <action id="GotoNextError" />
  <action id="GotoPreviousError" />
  <action id="GotoRelated" />
  <action id="GotoSuperMethod" />
  <action id="GotoSymbol" />
  <action id="GotoTest" />
  <action id="GotoTypeDeclaration" />
  <action id="GuiDesigner.EditComponent" />
  <action id="GuiDesigner.EditGroup" />
  <action id="Hg.Commit.And.Push.Executor" />
  <action id="HideActiveWindow" />
  <action id="HideAllWindows" />
  <action id="HighlightUsagesInFile" />
  <action id="HippieBackwardCompletion" />
  <action id="HippieCompletion" />
  <action id="IdeaVim.ReloadVimRc.reload" />
  <action id="Images.EditExternally" />
  <action id="Images.Editor.ActualSize" />
  <action id="Images.Editor.ToggleGrid" />
  <action id="Images.Editor.ZoomIn" />
  <action id="Images.Editor.ZoomOut" />
  <action id="Images.Thumbnails.EnterAction" />
  <action id="Images.Thumbnails.ToggleRecursive" />
  <action id="Images.Thumbnails.UpFolder" />
  <action id="ImplementMethods" />
  <action id="Inline" />
  <action id="InsertLiveTemplate" />
  <action id="IntroduceConstant" />
  <action id="IntroduceField" />
  <action id="IntroduceFunctionalParameter" />
  <action id="IntroduceParameter" />
  <action id="IntroduceTypeAlias" />
  <action id="IntroduceVariable" />
  <action id="JsonPathExportEvaluateResultAction" />
  <action id="JumpToLastChange" />
  <action id="JumpToLastWindow" />
  <action id="Kotlin.RunScratch" />
  <action id="KotlinShellExecute" />
  <action id="MainMenuButton.ShowMenu" />
  <action id="MaintenanceAction" />
  <action id="Markdown.Styling.CreateLink" />
  <action id="Maven.CollapseAll" />
  <action id="Maven.ExpandAll" />
  <action id="MaximizeToolWindow" />
  <action id="MethodDown" />
  <action id="MethodHierarchy" />
  <action id="MethodOverloadSwitchDown" />
  <action id="MethodOverloadSwitchUp" />
  <action id="MethodUp" />
  <action id="Move" />
  <action id="MoveElementLeft" />
  <action id="MoveElementRight" />
  <action id="MoveLineDown" />
  <action id="MoveLineUp" />
  <action id="MoveStatementDown" />
  <action id="MoveStatementUp" />
  <action id="NavBar-cancel">
    <keyboard-shortcut first-keystroke="escape" />
  </action>
  <action id="NewElement" />
  <action id="NewElementSamePlace" />
  <action id="NewScratchFile" />
  <action id="NextDiff" />
  <action id="NextEditorTab" />
  <action id="NextOccurence" />
  <action id="NextProjectWindow" />
  <action id="NextTab" />
  <action id="OpenFile">
    <keyboard-shortcut first-keystroke="ctrl o" />
  </action>
  <action id="OpenInRightSplit" />
  <action id="OptimizeImports" />
  <action id="OverrideMethods" />
  <action id="ParameterInfo" />
  <action id="PasteMultiple" />
  <action id="PopupHector" />
  <action id="PreviousDiff" />
  <action id="PreviousEditorTab" />
  <action id="PreviousOccurence" />
  <action id="PreviousProjectWindow" />
  <action id="PreviousTab" />
  <action id="ProblemsView.CopyProblemDescription" />
  <action id="ProblemsView.QuickFixes" />
  <action id="QuickActionPopup" />
  <action id="QuickChangeScheme" />
  <action id="QuickDocCopy" />
  <action id="QuickEvaluateExpression" />
  <action id="QuickImplementations" />
  <action id="QuickJavaDoc" />
  <action id="QuickPreview" />
  <action id="RecentChanges" />
  <action id="RecentFiles" />
  <action id="RecentLocations" />
  <action id="Refactorings.QuickListPopupAction" />
  <action id="ReformatCode" />
  <action id="Refresh" />
  <action id="RemoteServers.EditServerConfig" />
  <action id="RenameElement" />
  <action id="Replace" />
  <action id="ReplaceInPath" />
  <action id="Rerun" />
  <action id="RerunTests" />
  <action id="ResetIdeScaleAction" />
  <action id="ResizeToolWindowDown" />
  <action id="ResizeToolWindowLeft" />
  <action id="ResizeToolWindowRight" />
  <action id="ResizeToolWindowUp" />
  <action id="ResourceExplorer.show" />
  <action id="RestoreDefaultLayout" />
  <action id="Resume" />
  <action id="Run" />
  <action id="RunClass" />
  <action id="RunDashboard.EditConfiguration" />
  <action id="RunDashboard.Run" />
  <action id="RunInspection" />
  <action id="RunTargetAction" />
  <action id="RunToCursor" />
  <action id="SafeDelete" />
  <action id="SegmentedButton-left" />
  <action id="SegmentedButton-right" />
  <action id="SelectAllOccurrences" />
  <action id="SelectIn" />
  <action id="SelectNextOccurrence" />
  <action id="SelectVirtualTemplateElement" />
  <action id="SendEOF" />
  <action id="ServiceView.GroupByContributor" />
  <action id="ServiceView.GroupByServiceGroups" />
  <action id="ServiceView.ShowServices" />
  <action id="SetShortcutAction" />
  <action id="ShelveChanges.UnshelveWithDialog" />
  <action id="ShelvedChanges.Rename" />
  <action id="ShowBookmarks" />
  <action id="ShowContent" />
  <action id="ShowErrorDescription" />
  <action id="ShowExecutionPoint" />
  <action id="ShowFilePath" />
  <action id="ShowFilterPopup" />
  <action id="ShowIntentionActions" />
  <action id="ShowNavBar" />
  <action id="ShowPopupMenu" />
  <action id="ShowProjectStructureSettings" />
  <action id="ShowRecentTests" />
  <action id="ShowReformatFileDialog" />
  <action id="ShowSearchHistory" />
  <action id="ShowSettingsAndFindUsages" />
  <action id="ShowTypeBookmarks" />
  <action id="ShowUsages" />
  <action id="SmartStepInto" />
  <action id="StepInto" />
  <action id="StepOut" />
  <action id="StepOver" />
  <action id="Stop" />
  <action id="StopBackgroundProcesses" />
  <action id="SurroundWith" />
  <action id="SurroundWithLiveTemplate" />
  <action id="Svn.RefreshWorkingCopies" />
  <action id="SwitchCoverage" />
  <action id="Switcher" />
  <action id="SwitcherIterateItems" />
  <action id="SwitcherRecentEditedChangedToggleCheckBox" />
  <action id="Synchronize" />
  <action id="Table-startEditing" />
  <action id="Terminal.CopySelectedText">
    <keyboard-shortcut first-keystroke="shift ctrl c" />
    <keyboard-shortcut first-keystroke="ctrl c" />
  </action>
  <action id="Terminal.NewTab" />
  <action id="Terminal.Paste">
    <keyboard-shortcut first-keystroke="shift ctrl v" />
    <keyboard-shortcut first-keystroke="ctrl v" />
  </action>
  <action id="Terminal.SmartCommandExecution.Debug" />
  <action id="Terminal.SmartCommandExecution.Run" />
  <action id="Terminal.SwitchFocusToEditor">
    <keyboard-shortcut first-keystroke="escape" />
    <keyboard-shortcut first-keystroke="ctrl open_bracket" />
  </action>
  <action id="TextSearchAction" />
  <action id="TodoViewGroupByFlattenPackage" />
  <action id="TodoViewGroupByShowModules" />
  <action id="TodoViewGroupByShowPackages" />
  <action id="ToggleBookmark" />
  <action id="ToggleBookmark0" />
  <action id="ToggleBookmark1" />
  <action id="ToggleBookmark2" />
  <action id="ToggleBookmark3" />
  <action id="ToggleBookmark4" />
  <action id="ToggleBookmark5" />
  <action id="ToggleBookmark6" />
  <action id="ToggleBookmark7" />
  <action id="ToggleBookmark8" />
  <action id="ToggleBookmark9" />
  <action id="ToggleBookmarkWithMnemonic" />
  <action id="ToggleFindInSelection" />
  <action id="ToggleLineBreakpoint" />
  <action id="ToggleRenderedDocPresentation" />
  <action id="ToggleTemporaryLineBreakpoint" />
  <action id="Tree-startEditing" />
  <action id="TypeHierarchy" />
  <action id="UnselectPreviousOccurrence" />
  <action id="Unwrap" />
  <action id="UpdateRunningApplication" />
  <action id="UsageFiltering.Imports" />
  <action id="UsageFiltering.ReadAccess" />
  <action id="UsageFiltering.WriteAccess" />
  <action id="UsageGrouping.Directory" />
  <action id="UsageGrouping.DirectoryStructure" />
  <action id="UsageGrouping.FileStructure" />
  <action id="UsageGrouping.FlattenModules" />
  <action id="UsageGrouping.Module" />
  <action id="UsageGrouping.Package" />
  <action id="UsageGrouping.UsageType" />
  <action id="UsageView.Include" />
  <action id="UsageView.Remove" />
  <action id="UsageView.ShowRecentFindUsages" />
  <action id="Vcs.Log.FocusTextFilter" />
  <action id="Vcs.Log.GoToChild" />
  <action id="Vcs.Log.GoToParent" />
  <action id="Vcs.Log.Refresh" />
  <action id="Vcs.MoveChangedLinesToChangelist" />
  <action id="Vcs.Push" />
  <action id="Vcs.QuickListPopupAction" />
  <action id="Vcs.RefreshFileHistory" />
  <action id="Vcs.RollbackChangedLines" />
  <action id="Vcs.Shelf.Drop" />
  <action id="Vcs.ShowMessageHistory" />
  <action id="Vcs.ToggleAmendCommitMode" />
  <action id="Vcs.UpdateProject" />
  <action id="VcsHistory.ShowAllAffected" />
  <action id="VcsShowNextChangeMarker" />
  <action id="VcsShowPrevChangeMarker" />
  <action id="ViewBreakpoints" />
  <action id="ViewSource" />
  <action id="WebOpenInAction" />
  <action id="XDebugger.AttachToProcess" />
  <action id="XDebugger.CopyValue" />
  <action id="XDebugger.JumpToTypeSource" />
  <action id="XDebugger.NewWatch" />
  <action id="XDebugger.SetValue" />
  <action id="XPathView.Actions.Evaluate" />
  <action id="XPathView.Actions.FindByExpression" />
  <action id="XPathView.Actions.ShowPath" />
  <action id="ZoomInIdeAction" />
  <action id="ZoomOutIdeAction" />
  <action id="android.deploy.CodeSwap" />
  <action id="com.intellij.ide.actions.searcheverywhere.ml.actions.OpenFeaturesInScratchFileAction" />
  <action id="context.clear" />
  <action id="context.load" />
  <action id="context.save" />
  <action id="hg4idea.QFold" />
  <action id="hg4idea.QGotoFromPatches" />
  <action id="hg4idea.QPushAction" />
  <action id="hg4idea.QRefresh" />
  <action id="hg4idea.add" />
  <action id="org.intellij.plugins.markdown.ui.actions.styling.InsertImageAction" />
  <action id="org.intellij.plugins.markdown.ui.actions.styling.ToggleBoldAction" />
  <action id="org.intellij.plugins.markdown.ui.actions.styling.ToggleCodeSpanAction" />
  <action id="org.intellij.plugins.markdown.ui.actions.styling.ToggleItalicAction" />
  <action id="org.intellij.plugins.markdown.ui.actions.styling.ToggleStrikethroughAction" />
  <action id="refactoring.extract.dependency" />
  <action id="runShellFileAction" />
  <action id="tasks.close" />
  <action id="tasks.goto" />
  <action id="tasks.open.in.browser" />
  <action id="tasks.switch" />
</keymap>